-- MySQL dump 10.13  Distrib 5.6.24, for osx10.8 (x86_64)
--
-- Host: localhost    Database: scisql_demo
-- ------------------------------------------------------
-- Server version	5.6.24

/*!40101 SET @OLD_CHARACTER_SET_CLIENT=@@CHARACTER_SET_CLIENT */;
/*!40101 SET @OLD_CHARACTER_SET_RESULTS=@@CHARACTER_SET_RESULTS */;
/*!40101 SET @OLD_COLLATION_CONNECTION=@@COLLATION_CONNECTION */;
/*!40101 SET NAMES utf8 */;
/*!40103 SET @OLD_TIME_ZONE=@@TIME_ZONE */;
/*!40103 SET TIME_ZONE='+00:00' */;
/*!40014 SET @OLD_UNIQUE_CHECKS=@@UNIQUE_CHECKS, UNIQUE_CHECKS=0 */;
/*!40014 SET @OLD_FOREIGN_KEY_CHECKS=@@FOREIGN_KEY_CHECKS, FOREIGN_KEY_CHECKS=0 */;
/*!40101 SET @OLD_SQL_MODE=@@SQL_MODE, SQL_MODE='NO_AUTO_VALUE_ON_ZERO' */;
/*!40111 SET @OLD_SQL_NOTES=@@SQL_NOTES, SQL_NOTES=0 */;

--
-- Table structure for table `Object`
--

DROP TABLE IF EXISTS `Object`;
/*!40101 SET @saved_cs_client     = @@character_set_client */;
/*!40101 SET character_set_client = utf8 */;
CREATE TABLE `Object` (
  `objectId` bigint(20) NOT NULL,
  `ra_PS` double NOT NULL,
  `decl_PS` double NOT NULL,
  `ra_SG` double NOT NULL,
  `decl_SG` double NOT NULL,
  `rFlux_PS` float DEFAULT NULL,
  `rFlux_PS_Sigma` float DEFAULT NULL,
  `htmId20` bigint(20) NOT NULL,
  PRIMARY KEY (`objectId`),
  KEY `htmId20` (`htmId20`)
) ENGINE=MyISAM DEFAULT CHARSET=latin1;
/*!40101 SET character_set_client = @saved_cs_client */;

--
-- Dumping data for table `Object`
--

LOCK TABLES `Object` WRITE;
/*!40000 ALTER TABLE `Object` DISABLE KEYS */;
INSERT INTO `Object` VALUES (414764991783299,0.00178866914963,-0.00924094376097,0.00179610535526,-0.00924637729381,7.2716e-29,3.76618e-29,8796093080164),(414760696821231,359.999948817,-0.0090766767207,359.999968618,-0.0090850236226,NULL,NULL,12644383728029),(414764991783300,0.00234941521223,-0.00861594175384,0.00234308834712,-0.00858872706016,2.04827e-29,1.55289e-30,8796093026596),(414760696821225,359.990674586,-0.00822004925575,359.990706936,-0.00819989609437,1.30442e-28,2.28693e-29,12644383771268),(414760696821229,359.993175485,-0.00783197919369,359.993193705,-0.0078299540538,2.01377e-29,3.26033e-30,12644383784359),(414764991783302,0.00254302688922,-0.00776147835068,0.00255564126452,-0.00775942576395,1.23287e-29,1.3048e-30,8796093029910),(414764991783301,0.00249810717852,-0.00358600677427,0.00249551916706,-0.00364627989356,1.6323e-29,1.83538e-30,8796093037279),(414760696821232,359.993162783,-0.00137413435836,359.993185316,-0.00136560590081,1.25378e-28,2.41636e-29,12644383726208),(414760696821233,359.992043388,-0.000408477354549,359.992057131,-0.000406786706474,1.32532e-28,2.47353e-29,12644383726903),(414760696821234,359.998773606,-0.00026149039812,359.998776528,-0.000258741868499,1.39502e-28,2.51457e-29,12644383720332),(414764991783303,0.00946776780497,-0.000204835095337,0.00946715446244,-0.000188192006066,9.86258e-30,1.08303e-30,8796093031310),(417857368227844,0.00831403041321,0.000380993263554,0.00830119341063,0.00039676689616,8.41228e-29,6.21798e-30,17042430235175),(417857368227840,0.000498453339199,0.00197407242761,0.00051837618892,0.001991254379,4.46942e-29,6.02666e-30,17042430231253),(417853073264246,359.995965307,0.0023329464117,359.996001312,0.00233957980802,4.76943e-29,7.55407e-30,13194139546971),(417857368227842,0.00643243749716,0.00251578805432,0.00643713925054,0.00251123398468,2.24867e-29,3.2548e-30,17042430237846),(417857368227843,0.0065038046588,0.00369407309401,0.00653683675527,0.00369959177679,1.79485e-29,1.72885e-30,17042430236663),(417857368227841,0.000473833210474,0.00421220527864,0.000446411377093,0.00419438850588,2.83493e-29,2.18595e-30,17042430232671),(417857368227846,0.00916580310985,0.00510753736299,0.00918847285765,0.00510517918597,3.58285e-29,2.62149e-30,17042430289401),(417853073264245,359.994434059,0.00740888856151,359.994440975,0.00744711923394,3.2958e-29,3.85351e-30,13194139595155);
/*!40000 ALTER TABLE `Object` ENABLE KEYS */;
UNLOCK TABLES;

--
-- Table structure for table `Science_Ccd_Exposure`
--

DROP TABLE IF EXISTS `Science_Ccd_Exposure`;
/*!40101 SET @saved_cs_client     = @@character_set_client */;
/*!40101 SET character_set_client = utf8 */;
CREATE TABLE `Science_Ccd_Exposure` (
  `scienceCcdExposureId` bigint(20) NOT NULL,
  `llcRa` double NOT NULL,
  `llcDecl` double NOT NULL,
  `ulcRa` double NOT NULL,
  `ulcDecl` double NOT NULL,
  `urcRa` double NOT NULL,
  `urcDecl` double NOT NULL,
  `lrcRa` double NOT NULL,
  `lrcDecl` double NOT NULL,
  `fluxMag0` float NOT NULL,
  `fluxMag0Sigma` float NOT NULL,
  `poly` binary(120) NOT NULL,
  PRIMARY KEY (`scienceCcdExposureId`)
) ENGINE=MyISAM DEFAULT CHARSET=latin1;
/*!40101 SET character_set_client = @saved_cs_client */;

--
-- Dumping data for table `Science_Ccd_Exposure`
--

LOCK TABLES `Science_Ccd_Exposure` WRITE;
/*!40000 ALTER TABLE `Science_Ccd_Exposure` DISABLE KEYS */;
INSERT INTO `Science_Ccd_Exposure` VALUES (43799463478,359.860228327377,0.0613107747415938,359.950355821899,0.263884141269675,0.156577346120423,0.17213300060837,0.0664486041079542,-0.0304395996625614,2602110000000,0,'‡ œ°Ûˇ@Ñåê/ 8C?f+ÖUF∞Ä?√EÍ$ûı>…î…ñˆ|?·›lß≈iøL£⁄ˇ>›ge≠Ñ<jøx?CV|}øõ•m¥‰>,Xwôîˆ|ø©Ï—“…≈i?`GiùÙá}>Ò2\ZÖ<j?Ò˙∑{|}?'),(43808367119,359.956695314663,0.0909495270369891,0.158736258074752,0.182506391403095,0.251941170740913,-0.023171937472421,0.0499004802626148,-0.11472848235504,2264530000000,0,'∫(Ùˇ@^Û?•Ü‘}?q†}ﬂûac?ÍÎ˝ãÏ>\Z≥b.j?Å„|øR;/,8πˇ>ﬂ\\c2h}øXÏ]˘¶jøz`íﬁ˚πÒ>k%ÃÜB.jø_ø\Z„|?À8Z\"\"ìë>\\√_!@h}?â\Zßj?'),(43808501263,359.960732808801,0.0370516799705218,0.159612980312648,0.135231598031079,0.259560709818247,-0.067229210773671,0.0606801487842854,-0.165409236743199,2861550000000,0,'ëå\rÙˇ@W«ì/?jôÏõABQøJG^ÒWÆ‹>⁄⁄F5l?T˛⁄∂jo|øtgw@G˝>ÓÕoÚ|øµÇ·˝ïîlø‚éˇ2“¯>â-lø)TÂjo|?I‚ªe@¥≈>g˜$¥Ú|?˘Òa\0çîl?'),(43856062009,359.963752800388,-0.000164598414602848,0.0184876953780186,0.214756306613358,0.23727926928965,0.159035132069238,0.182543079658319,-0.0558855823940503,2374550000000,0,'¿ÈU¬Úˇ@ne3≥\'æ|?∏@Gø\0∑v?ÚÂ∞1‚”>Ò˛s;è∫~??FHùM_ø>w‹Í§¨˛>»YB_Õ›_øh»‚%Høyç?J˚>≤Ù¬ÀÅ∫~øÊ#îV”M_?‰<∏$µ>ò\Zıç\nﬁ_?T◊Q/H?'),(43904968207,359.958110037772,0.0734879497011048,0.159109863573049,0.167182106788634,0.254490784321818,-0.0374364004155128,0.0534909527032384,-0.131130475563235,4000060000000,0,'ü<8JÙˇ@@ 8Ûüe~?¢#u«BûT?-ÿ>\r\n„Á>Õ∂s ◊ j?ã¸º|øÊ8ç’¸˛>¥i\0OhA}ø°I√ EFkø¸Ωö\nÙ>vƒÊ.π jøÕ“sg\0Ω|?ËE¶˚ÓØ>È”¥∑wA}?˘“∞€FFk?');
/*!40000 ALTER TABLE `Science_Ccd_Exposure` ENABLE KEYS */;
UNLOCK TABLES;

--
-- Table structure for table `Science_Ccd_Exposure_HtmId10`
--

DROP TABLE IF EXISTS `Science_Ccd_Exposure_HtmId10`;
/*!40101 SET @saved_cs_client     = @@character_set_client */;
/*!40101 SET character_set_client = utf8 */;
CREATE TABLE `Science_Ccd_Exposure_HtmId10` (
  `scienceCcdExposureId` bigint(20) NOT NULL,
  `htmId10` int(11) NOT NULL,
  PRIMARY KEY (`htmId10`,`scienceCcdExposureId`),
  KEY `scienceCcdExposureId` (`scienceCcdExposureId`)
) ENGINE=MyISAM DEFAULT CHARSET=latin1;
/*!40101 SET character_set_client = @saved_cs_client */;

--
-- Dumping data for table `Science_Ccd_Exposure_HtmId10`
--

LOCK TABLES `Science_Ccd_Exposure_HtmId10` WRITE;
/*!40000 ALTER TABLE `Science_Ccd_Exposure_HtmId10` DISABLE KEYS */;
/*!40000 ALTER TABLE `Science_Ccd_Exposure_HtmId10` ENABLE KEYS */;
UNLOCK TABLES;

--
-- Table structure for table `Source`
--

DROP TABLE IF EXISTS `Source`;
/*!40101 SET @saved_cs_client     = @@character_set_client */;
/*!40101 SET character_set_client = utf8 */;
CREATE TABLE `Source` (
  `sourceId` bigint(20) NOT NULL,
  `scienceCcdExposureId` bigint(20) NOT NULL,
  `objectId` bigint(20) DEFAULT NULL,
  `ra` double NOT NULL,
  `decl` double NOT NULL,
  `psfFlux` float NOT NULL,
  `psfFluxSigma` float NOT NULL,
  `htmId20` bigint(20) NOT NULL,
  PRIMARY KEY (`sourceId`),
  KEY `htmId20` (`htmId20`)
) ENGINE=MyISAM DEFAULT CHARSET=latin1;
/*!40101 SET character_set_client = @saved_cs_client */;

--
-- Dumping data for table `Source`
--

LOCK TABLES `Source` WRITE;
/*!40000 ALTER TABLE `Source` DISABLE KEYS */;
INSERT INTO `Source` VALUES (2871033938772031,43808501263,414760696821225,359.990596006,-0.00824773313986,14576.1,610.448,12644383771721),(2874153563982875,43856102966,414760696821225,359.990679575,-0.00835097609265,8163.22,149.979,12644383771722),(2871033938772058,43808501263,414760696821229,359.993103852,-0.00780668089754,1795.69,293.501,12644383784859),(2874153563982896,43856102966,414760696821229,359.993179179,-0.00795480011889,1273.53,98.9836,12644383784328),(2871033938772078,43808501263,414760696821232,359.993081411,-0.00140006327705,12508.3,545.696,12644383727488),(2874150879821891,43856062009,414760696821232,359.99307309,-0.00132078906667,7970.57,177.051,12644383726976),(2871033938772073,43808501263,414760696821233,359.991959754,-0.000437387665425,13097.9,563.14,12644383726911),(2874150879821897,43856062009,414760696821233,359.991950173,-0.000357767294996,8443.04,179.978,12644383726901),(2871033938772120,43808501263,414760696821234,359.998715774,-0.000275265713218,15157,624.132,12644383720325),(2874150879821915,43856062009,414760696821234,359.998691848,-0.000199074141903,8791.62,179.608,12644383720334),(2877355996414000,43904968207,414760696821234,359.998701149,-0.000269228512215,26798.7,2180.03,12644383720327),(2871033938772111,43808501263,414764991783299,0.00166566638638,-0.0092942787328,5915.52,359.01,8796093026692),(2877355996413990,43904968207,414764991783299,0.0018366682138,-0.00917395870949,6991.16,714.258,8796093080166),(2874150879821841,43856062009,414764991783300,0.00226258434196,-0.00856372717231,1339.61,140.227,8796093026614),(2871025147510813,43808367119,414764991783301,0.00243582301171,-0.00358534529673,932.126,99.2698,8796093037276),(2871033938772135,43808501263,414764991783301,0.00234271241319,-0.00347586535767,1235.52,280.932,8796093037288),(2874150879821893,43856062009,414764991783301,0.00245325237348,-0.00357345378518,1257.24,139.963,8796093037276),(2871025147510796,43808367119,414764991783302,0.00252744853613,-0.00779493931252,716.609,98.2046,8796093029910),(2874150879821847,43856062009,414764991783302,0.00253254747944,-0.00775093986071,915.248,138.332,8796093030121),(2870441638494255,43799463478,414764991783303,0.00950641041254,-0.0000391815190745,782.552,135.552,8796093030787),(2871025147510910,43808367119,414764991783303,0.00940591415663,-0.000297944199855,694.987,97.4382,8796093031301),(2874153564176390,43856102969,414764991783303,0.00945654668714,-0.000145957803792,543.876,83.0277,8796093030786),(2870441638494263,43799463478,417853073264245,359.994465074,0.00753743371232,2616.4,175.131,13194139595216),(2871033938772117,43808501263,417853073264245,359.994365585,0.00738605802892,3276.53,309.096,13194139595153),(2874150879821994,43856062009,417853073264245,359.99432378,0.00748304619655,2308.7,146.258,13194139595230),(2874153564176432,43856102969,417853073264245,359.994359172,0.00749146449596,1936.84,91.8865,13194139595217),(2877355996413995,43904968207,417853073264245,359.994405516,0.00719073609074,3282,503.268,13194139595195),(2870441638494223,43799463478,417853073264246,359.995990591,0.00245230110267,3460.36,200.171,13194139547003),(2871033938772110,43808501263,417853073264246,359.995895846,0.00230526212482,4320.25,328.346,13194139546969),(2874150879821943,43856062009,417853073264246,359.995878412,0.00237389810056,3014.57,149.67,13194139547428),(2877355996413986,43904968207,417853073264246,359.995897982,0.00228186123967,4906.15,585.493,13194139546969),(2870441638494237,43799463478,417857368227840,0.000567548046155,0.00210223497978,3757.21,206.858,17042430231075),(2874150879821951,43856062009,417857368227840,0.000452354265555,0.00199480503217,3208.68,149.821,17042430231255),(2874153564176385,43856102969,417857368227840,0.000451836535566,0.0020358809003,2595.98,96.0304,17042430231255),(2877355996414017,43904968207,417857368227840,0.000446337661802,0.00198222738082,9104.74,847.528,17042430231255),(2870441638494257,43799463478,417857368227841,0.000503641400739,0.00431709580482,2532.59,172.132,17042430232777),(2871025147510833,43808367119,417857368227841,0.000397255018007,0.00419463041891,1823.54,106.711,17042430232667),(2871033938772146,43808501263,417857368227841,0.000633542373756,0.00423989282682,1851.55,285.572,17042430232771),(2874150879821975,43856062009,417857368227841,0.000387658705119,0.00424048694769,1854.89,143.424,17042430232666),(2874153564176414,43856102969,417857368227841,0.000415535243087,0.00426243277333,1674.59,90.0132,17042430232668),(2870441638494269,43799463478,417857368227842,0.00650463037717,0.00261818229364,2083.03,160.298,17042430237850),(2871025147510881,43808367119,417857368227842,0.00635663537335,0.0024746915605,1470,103.232,17042430237914),(2871033938772188,43808501263,417857368227842,0.00636316114601,0.00250001900608,2684.4,294.685,17042430237913),(2874153564176411,43856102969,417857368227842,0.00637160311747,0.00256907001888,1198.6,86.5154,17042430237846),(2870441638494285,43799463478,417857368227843,0.00656959833868,0.00383764208825,1270.4,143.956,17042430236531),(2871025147510902,43808367119,417857368227843,0.00647266185411,0.00368176376722,989.598,100.269,17042430236662),(2874150879821987,43856062009,417857368227843,0.00645019588944,0.00374896067581,1358.2,141.903,17042430236663),(2874153564176427,43856102969,417857368227843,0.00646589238967,0.0037706167461,1169.73,88.1191,17042430236660),(2877355996414080,43904968207,417857368227843,0.00636902843503,0.00376165547594,2598.49,476.452,17042430236661),(2870441638494250,43799463478,417857368227844,0.00835999189521,0.00051072608745,6370.47,295.413,17042430235181),(2871025147510903,43808367119,417857368227844,0.0082661074865,0.000376105596882,5183.96,143.832,17042430235172),(2871033938772201,43808501263,417857368227844,0.00826786834325,0.000354366275521,8120.58,411.543,17042430235172),(2874150879821952,43856062009,417857368227844,0.00825564664538,0.000422572153221,5653.03,163.662,17042430235175),(2874153564176392,43856102969,417857368227844,0.0082583305903,0.000449563866619,5170.19,114.269,17042430235174),(2877355996414081,43904968207,417857368227844,0.00830339303834,0.000347378466109,12295.1,1077.52,17042430235172),(2870441638494306,43799463478,417857368227846,0.00924369864509,0.00521511158758,2809.79,179.578,17042430289300),(2871025147510938,43808367119,417857368227846,0.00912682153917,0.00507941229363,2206.08,109.99,17042430289405),(2874150879822011,43856062009,417857368227846,0.00913533923973,0.00514742065437,2642.4,148.013,17042430289401),(2874153564176452,43856102969,417857368227846,0.00912898135467,0.00516346633239,2128.64,93.647,17042430289370);
/*!40000 ALTER TABLE `Source` ENABLE KEYS */;
UNLOCK TABLES;
/*!40103 SET TIME_ZONE=@OLD_TIME_ZONE */;

/*!40101 SET SQL_MODE=@OLD_SQL_MODE */;
/*!40014 SET FOREIGN_KEY_CHECKS=@OLD_FOREIGN_KEY_CHECKS */;
/*!40014 SET UNIQUE_CHECKS=@OLD_UNIQUE_CHECKS */;
/*!40101 SET CHARACTER_SET_CLIENT=@OLD_CHARACTER_SET_CLIENT */;
/*!40101 SET CHARACTER_SET_RESULTS=@OLD_CHARACTER_SET_RESULTS */;
/*!40101 SET COLLATION_CONNECTION=@OLD_COLLATION_CONNECTION */;
/*!40111 SET SQL_NOTES=@OLD_SQL_NOTES */;

-- Dump completed on 2015-07-09 21:19:43
